config,step,train_loss,val_loss,train_acc,val_acc
MHA_h4_l2_lr0.03,1,3.344245195388794,3.367727756500244,0.20427246391773224,0.20351561903953552
MHA_h4_l2_lr0.03,250,2.778622627258301,2.7990593910217285,0.22568359971046448,0.2254638671875
MHA_h4_l2_lr0.03,500,2.692592144012451,2.7343804836273193,0.23542480170726776,0.23212890326976776
MHA_h4_l2_lr0.03,750,2.760509967803955,2.7639729976654053,0.225830078125,0.22768554091453552
MHA_h4_l2_lr0.03,1000,2.7493348121643066,2.7854042053222656,0.22934570908546448,0.22978515923023224
MHA_h4_l2_lr0.03,1250,2.7399637699127197,2.766339063644409,0.2333984375,0.23232421278953552
MHA_h4_l2_lr0.03,1500,2.785801410675049,2.7875466346740723,0.21823731064796448,0.21843262016773224
MHA_h4_l2_lr0.03,1750,2.7668583393096924,2.7858307361602783,0.2283935546875,0.22775879502296448
MHA_h4_l2_lr0.03,2000,2.820406913757324,2.8236842155456543,0.21750488877296448,0.22089843451976776
MHA_h2_l4_lr0.01,1,3.4082648754119873,3.4448444843292236,0.17539063096046448,0.17255859076976776
MHA_h2_l4_lr0.01,250,2.271160364151001,2.312333345413208,0.3350585997104645,0.3256591856479645
MHA_h2_l4_lr0.01,500,1.9868974685668945,2.0800793170928955,0.41010743379592896,0.39140623807907104
MHA_h2_l4_lr0.01,750,1.836450219154358,1.9848159551620483,0.4515380859375,0.41669923067092896
MHA_h2_l4_lr0.01,1000,1.7906032800674438,1.9546682834625244,0.4625488221645355,0.42802733182907104
MHA_h2_l4_lr0.01,1250,1.7318744659423828,1.8884055614471436,0.4740966856479645,0.440185546875
MHA_h2_l4_lr0.01,1500,1.7109295129776,1.9169223308563232,0.4826416075229645,0.44230955839157104
MHA_h2_l4_lr0.01,1750,1.695935845375061,1.8804601430892944,0.4869628846645355,0.45166015625
MHA_h2_l4_lr0.01,2000,1.6649001836776733,1.865530252456665,0.4944091737270355,0.4466796815395355
MHA_h4_l4_lr0.01,1,3.407458543777466,3.4436252117156982,0.1759033203125,0.1732177734375
MHA_h4_l4_lr0.01,250,2.2345829010009766,2.2817881107330322,0.34357911348342896,0.3310302793979645
MHA_h4_l4_lr0.01,500,1.9992660284042358,2.098362684249878,0.4068603515625,0.3852294981479645
MHA_h4_l4_lr0.01,750,1.8377918004989624,1.997606873512268,0.4512695372104645,0.41425782442092896
MHA_h4_l4_lr0.01,1000,1.7641910314559937,1.9423396587371826,0.47370606660842896,0.43269044160842896
MHA_h4_l4_lr0.01,1250,1.7035611867904663,1.8681690692901611,0.4875732362270355,0.4487548768520355
MHA_h4_l4_lr0.01,1500,1.6521192789077759,1.85585618019104,0.5033203363418579,0.4577392637729645
MHA_h4_l4_lr0.01,1750,1.632398247718811,1.8287947177886963,0.5062011480331421,0.46833497285842896
MHA_h4_l4_lr0.01,2000,1.6052404642105103,1.7914478778839111,0.5129638910293579,0.4702392518520355
MHA_h8_l4_lr0.01,1,3.4086050987243652,3.4443485736846924,0.17521972954273224,0.17290039360523224
MHA_h8_l4_lr0.01,250,2.4424123764038086,2.478677272796631,0.27580565214157104,0.269775390625
MHA_h8_l4_lr0.01,500,2.234705686569214,2.268822193145752,0.3430419862270355,0.34016114473342896
MHA_h8_l4_lr0.01,750,2.0751051902770996,2.1422626972198486,0.387451171875,0.37189942598342896
MHA_h8_l4_lr0.01,1000,1.9338948726654053,2.033156156539917,0.42817384004592896,0.40156251192092896
MHA_h8_l4_lr0.01,1250,1.8264360427856445,1.9560487270355225,0.4561767578125,0.42512208223342896
MHA_h8_l4_lr0.01,1500,1.761993408203125,1.9329795837402344,0.4745117127895355,0.43391114473342896
MHA_h8_l4_lr0.01,1750,1.7078320980072021,1.8726917505264282,0.4847656190395355,0.44572752714157104
MHA_h8_l4_lr0.01,2000,1.66217041015625,1.8420674800872803,0.49943846464157104,0.45512694120407104
MHA_h16_l4_lr0.01,1,3.407778263092041,3.4438424110412598,0.17355957627296448,0.1719970703125
MHA_h16_l4_lr0.01,250,2.324911594390869,2.374061346054077,0.3194824159145355,0.3095459043979645
MHA_h16_l4_lr0.01,500,2.076345920562744,2.138062000274658,0.3856445252895355,0.369140625
MHA_h16_l4_lr0.01,750,1.9153501987457275,2.0226528644561768,0.43291014432907104,0.40498048067092896
MHA_h16_l4_lr0.01,1000,1.8190562725067139,1.9778451919555664,0.4581054747104645,0.424560546875
MHA_h16_l4_lr0.01,1250,1.734551191329956,1.9017550945281982,0.4756103456020355,0.4363769590854645
MHA_h16_l4_lr0.01,1500,1.6762422323226929,1.8801052570343018,0.4935058653354645,0.4498046934604645
MHA_h16_l4_lr0.01,1750,1.6491130590438843,1.8265488147735596,0.500683605670929,0.4652099609375
MHA_h16_l4_lr0.01,2000,1.6192286014556885,1.8129733800888062,0.508471667766571,0.45988768339157104
MHA_h8_l6_lr0.1,1,3.8682656288146973,3.911639451980591,0.166259765625,0.16020508110523224
MHA_h8_l6_lr0.1,250,3.054776668548584,3.0642123222351074,0.17670898139476776,0.17519530653953552
MHA_h8_l6_lr0.1,500,3.004366874694824,3.0469584465026855,0.1832275390625,0.18134765326976776
MHA_h8_l6_lr0.1,750,3.010263681411743,2.9989547729492188,0.18496093153953552,0.18715819716453552
MHA_h8_l6_lr0.1,1000,3.0368263721466064,3.051161527633667,0.17856445908546448,0.17683105170726776
MHA_h8_l6_lr0.1,1250,3.020254373550415,3.025195360183716,0.18698731064796448,0.18618163466453552
MHA_h8_l6_lr0.1,1500,3.0051960945129395,3.0530507564544678,0.188720703125,0.1826171875
MHA_h8_l6_lr0.1,1750,2.994947910308838,3.0644171237945557,0.18837890028953552,0.17866210639476776
MHA_h8_l6_lr0.1,2000,2.9730031490325928,2.9925389289855957,0.19475097954273224,0.19582518935203552
MHA_h4_l6_lr0.03,1,3.5174331665039062,3.5449938774108887,0.17331543564796448,0.16818848252296448
MHA_h4_l6_lr0.03,250,2.7617175579071045,2.767089366912842,0.22858886420726776,0.22512206435203552
MHA_h4_l6_lr0.03,500,2.767092227935791,2.7958364486694336,0.22971192002296448,0.2244873046875
MHA_h4_l6_lr0.03,750,2.755460739135742,2.7347495555877686,0.22810058295726776,0.23361817002296448
MHA_h4_l6_lr0.03,1000,2.7467782497406006,2.747864246368408,0.22321777045726776,0.22360840439796448
MHA_h4_l6_lr0.03,1250,2.7283644676208496,2.7324700355529785,0.22695311903953552,0.23100586235523224
MHA_h4_l6_lr0.03,1500,2.751575231552124,2.7760796546936035,0.23046875,0.23015137016773224
MHA_h4_l6_lr0.03,1750,2.720437526702881,2.751657009124756,0.23776856064796448,0.23269042372703552
MHA_h4_l6_lr0.03,2000,2.79359769821167,2.79951548576355,0.22353515028953552,0.22783203423023224
GQA_h4_kv2_l4_lr0.01,1,3.424103260040283,3.4390292167663574,0.18439941108226776,0.18081054091453552
GQA_h4_kv2_l4_lr0.01,250,2.3636889457702637,2.389763355255127,0.31083983182907104,0.30363768339157104
GQA_h4_kv2_l4_lr0.01,500,1.988530158996582,2.078017473220825,0.4078125059604645,0.3884521424770355
GQA_h4_kv2_l4_lr0.01,750,1.8276067972183228,1.9224340915679932,0.45488280057907104,0.4321044981479645
GQA_h4_kv2_l4_lr0.01,1000,1.7598769664764404,1.8969911336898804,0.4675537049770355,0.4393066465854645
GQA_h4_kv2_l4_lr0.01,1250,1.696103811264038,1.8589179515838623,0.4892822206020355,0.4522705078125
GQA_h4_kv2_l4_lr0.01,1500,1.6596695184707642,1.827985405921936,0.49323731660842896,0.46147459745407104
GQA_h4_kv2_l4_lr0.01,1750,1.632155418395996,1.8094942569732666,0.505200207233429,0.4641357362270355
GQA_h4_kv2_l4_lr0.01,2000,1.612143874168396,1.8043073415756226,0.508349597454071,0.466796875
GQA_h8_kv4_l4_lr0.01,1,3.417593479156494,3.4298675060272217,0.18366698920726776,0.18034668266773224
GQA_h8_kv4_l4_lr0.01,250,2.3895726203918457,2.4087023735046387,0.30144041776657104,0.298583984375
GQA_h8_kv4_l4_lr0.01,500,2.0972158908843994,2.158015012741089,0.3778320252895355,0.3616943359375
GQA_h8_kv4_l4_lr0.01,750,1.8996155261993408,1.9809410572052002,0.4361572265625,0.41313475370407104
GQA_h8_kv4_l4_lr0.01,1000,1.7952187061309814,1.918299674987793,0.4627441465854645,0.43647462129592896
GQA_h8_kv4_l4_lr0.01,1250,1.71770441532135,1.8797283172607422,0.4827636778354645,0.4468750059604645
GQA_h8_kv4_l4_lr0.01,1500,1.6808942556381226,1.854387640953064,0.48920899629592896,0.45527344942092896
GQA_h8_kv4_l4_lr0.01,1750,1.6400066614151,1.8118903636932373,0.5023193359375,0.4634033143520355
GQA_h8_kv4_l4_lr0.01,2000,1.6059484481811523,1.7909797430038452,0.509106457233429,0.4676757752895355
MHA_h8_l6_lr0.03,1,3.2972240447998047,3.3644967079162598,0.20458984375,0.1968994140625
MHA_h8_l6_lr0.03,250,2.6453042030334473,2.627622127532959,0.24135741591453552,0.2498779296875
MHA_h8_l6_lr0.03,500,2.59443736076355,2.606584072113037,0.2496337890625,0.24929198622703552
MHA_h8_l6_lr0.03,750,2.6378116607666016,2.6544113159179688,0.24296875298023224,0.24677734076976776
MHA_h8_l6_lr0.03,1000,2.6305994987487793,2.6473755836486816,0.24538573622703552,0.24411621689796448
MHA_h8_l6_lr0.03,1250,2.7622408866882324,2.7916340827941895,0.22333984076976776,0.22419433295726776
MHA_h8_l6_lr0.03,1500,2.672661781311035,2.6917176246643066,0.24018554389476776,0.23735351860523224
MHA_h8_l6_lr0.03,1750,2.6304497718811035,2.636282444000244,0.2481689453125,0.24462890625
MHA_h8_l6_lr0.03,2000,3.0027565956115723,3.008678913116455,0.18625488877296448,0.19155272841453552
MHA_h4_l8_lr0.03,1,3.4025940895080566,3.4036529064178467,0.1265869140625,0.12897948920726776
MHA_h4_l8_lr0.03,250,2.8087897300720215,2.822495937347412,0.22145995497703552,0.22104492783546448
MHA_h4_l8_lr0.03,500,2.7142462730407715,2.7494618892669678,0.23542480170726776,0.2303466796875
MHA_h4_l8_lr0.03,750,2.7663986682891846,2.781705141067505,0.22543945908546448,0.22197265923023224
MHA_h4_l8_lr0.03,1000,2.7246289253234863,2.7415928840637207,0.22646483778953552,0.22172851860523224
MHA_h4_l8_lr0.03,1250,2.7491135597229004,2.770343065261841,0.22512206435203552,0.22556152939796448
MHA_h4_l8_lr0.03,1500,2.8020143508911133,2.8151392936706543,0.21806640923023224,0.21711425483226776
MHA_h4_l8_lr0.03,1750,2.785796880722046,2.8063125610351562,0.21787109971046448,0.21657714247703552
MHA_h4_l8_lr0.03,2000,2.758439302444458,2.7728826999664307,0.22561034560203552,0.22653809189796448
GQA_h8_kv2_l4_lr0.03,1,3.488440752029419,3.529696226119995,0.18659667670726776,0.18398436903953552
GQA_h8_kv2_l4_lr0.03,250,2.6479885578155518,2.64855694770813,0.24741211533546448,0.24750976264476776
GQA_h8_kv2_l4_lr0.03,500,2.6164534091949463,2.6163830757141113,0.25141602754592896,0.25239259004592896
GQA_h8_kv2_l4_lr0.03,750,2.6075222492218018,2.62153697013855,0.2489013671875,0.24790039658546448
GQA_h8_kv2_l4_lr0.03,1000,2.6326324939727783,2.6332151889801025,0.2449951171875,0.24064941704273224
GQA_h8_kv2_l4_lr0.03,1250,2.6923906803131104,2.7071375846862793,0.23508301377296448,0.22817382216453552
GQA_h8_kv2_l4_lr0.03,1500,2.636035442352295,2.6596431732177734,0.24367675185203552,0.24064941704273224
GQA_h8_kv2_l4_lr0.03,1750,2.632216215133667,2.635537624359131,0.2445068359375,0.24331054091453552
GQA_h8_kv2_l4_lr0.03,2000,2.6952319145202637,2.7271015644073486,0.22780761122703552,0.22622069716453552
GQA_h16_kv8_l4_lr0.01,1,3.4409027099609375,3.4560763835906982,0.1793212890625,0.17658691108226776
GQA_h16_kv8_l4_lr0.01,250,2.413327693939209,2.4373650550842285,0.2918945252895355,0.2830810546875
GQA_h16_kv8_l4_lr0.01,500,2.1117238998413086,2.1712586879730225,0.3759521543979645,0.3583984375
GQA_h16_kv8_l4_lr0.01,750,1.9361374378204346,2.0083324909210205,0.4262451231479645,0.4058593809604645
GQA_h16_kv8_l4_lr0.01,1000,1.8256123065948486,1.9487968683242798,0.45258790254592896,0.42731934785842896
GQA_h16_kv8_l4_lr0.01,1250,1.7412083148956299,1.8983566761016846,0.47968751192092896,0.4443359375
GQA_h16_kv8_l4_lr0.01,1500,1.6920175552368164,1.8589458465576172,0.4864746034145355,0.45451658964157104
GQA_h16_kv8_l4_lr0.01,1750,1.6568849086761475,1.833205223083496,0.49931639432907104,0.46000975370407104
GQA_h16_kv8_l4_lr0.01,2000,1.6302992105484009,1.8007586002349854,0.5042724609375,0.4650634825229645
GQA_h8_kv2_l6_lr0.03,1,3.4105632305145264,3.4188952445983887,0.1815185546875,0.17963866889476776
GQA_h8_kv2_l6_lr0.03,250,2.676093816757202,2.708404779434204,0.23967285454273224,0.23393554985523224
GQA_h8_kv2_l6_lr0.03,500,2.6121296882629395,2.614483594894409,0.25432127714157104,0.25236815214157104
GQA_h8_kv2_l6_lr0.03,750,2.5940728187561035,2.6232943534851074,0.24978026747703552,0.24238280951976776
GQA_h8_kv2_l6_lr0.03,1000,2.692150115966797,2.697819709777832,0.23811034858226776,0.24106445908546448
GQA_h8_kv2_l6_lr0.03,1250,2.724299430847168,2.7368438243865967,0.22770996391773224,0.22585448622703552
GQA_h8_kv2_l6_lr0.03,1500,2.704192638397217,2.7130935192108154,0.23366698622703552,0.23032227158546448
GQA_h8_kv2_l6_lr0.03,1750,2.666928291320801,2.6908040046691895,0.23444823920726776,0.229248046875
GQA_h8_kv2_l6_lr0.03,2000,2.67101788520813,2.6823740005493164,0.23698730766773224,0.23601074516773224
MHA_h8_l8_lr0.01,1,3.4453301429748535,3.4729461669921875,0.15388183295726776,0.15009765326976776
MHA_h8_l8_lr0.01,250,2.4229464530944824,2.4453907012939453,0.2905029356479645,0.2906250059604645
MHA_h8_l8_lr0.01,500,2.1004884243011475,2.1294960975646973,0.3788085877895355,0.3731689453125
MHA_h8_l8_lr0.01,750,1.882987380027771,2.00224232673645,0.4389404356479645,0.40666502714157104
MHA_h8_l8_lr0.01,1000,1.7465603351593018,1.9134228229522705,0.4795165956020355,0.4397949278354645
MHA_h8_l8_lr0.01,1250,1.7183479070663452,1.9020990133285522,0.4842773377895355,0.44501954317092896
MHA_h8_l8_lr0.01,1500,1.6552982330322266,1.8232141733169556,0.500683605670929,0.4574218690395355
MHA_h8_l8_lr0.01,1750,1.6474056243896484,1.827763557434082,0.5042968988418579,0.46818846464157104
MHA_h8_l8_lr0.01,2000,1.6188600063323975,1.7935879230499268,0.510571300983429,0.47160643339157104
GQA_h4_kv1_l6_lr0.1,1,4.478182792663574,4.472182273864746,0.15629883110523224,0.15529784560203552
GQA_h4_kv1_l6_lr0.1,250,3.1500191688537598,3.187023878097534,0.17424316704273224,0.17099609971046448
GQA_h4_kv1_l6_lr0.1,500,3.1258931159973145,3.1780638694763184,0.17402343451976776,0.16994628310203552
GQA_h4_kv1_l6_lr0.1,750,3.1296026706695557,3.1542437076568604,0.18161621689796448,0.17849120497703552
GQA_h4_kv1_l6_lr0.1,1000,3.125516653060913,3.151149272918701,0.17573241889476776,0.16994628310203552
GQA_h4_kv1_l6_lr0.1,1250,3.079862117767334,3.1304969787597656,0.1829833984375,0.17939452826976776
GQA_h4_kv1_l6_lr0.1,1500,3.1454668045043945,3.1777536869049072,0.1571044921875,0.15524902939796448
GQA_h4_kv1_l6_lr0.1,1750,3.158876895904541,3.174276828765869,0.16074219346046448,0.16035155951976776
GQA_h4_kv1_l6_lr0.1,2000,3.144078016281128,3.1757845878601074,0.16611328721046448,0.16423340141773224
GQA_h16_kv4_l6_lr0.03,1,3.562342405319214,3.5463931560516357,0.19125977158546448,0.193359375
GQA_h16_kv4_l6_lr0.03,250,2.5959603786468506,2.5958545207977295,0.24794921278953552,0.24946288764476776
GQA_h16_kv4_l6_lr0.03,500,2.5594940185546875,2.574768543243408,0.26020509004592896,0.25385743379592896
GQA_h16_kv4_l6_lr0.03,750,2.550261974334717,2.5631041526794434,0.26325684785842896,0.2525390684604645
GQA_h16_kv4_l6_lr0.03,1000,2.5564255714416504,2.5577874183654785,0.2632080018520355,0.2608886659145355
GQA_h16_kv4_l6_lr0.03,1250,2.5779025554656982,2.6061832904815674,0.2545166015625,0.24904784560203552
GQA_h16_kv4_l6_lr0.03,1500,2.637847661972046,2.6527180671691895,0.24404296278953552,0.23745116591453552
GQA_h16_kv4_l6_lr0.03,1750,2.6005570888519287,2.59957218170166,0.2507080137729645,0.25139158964157104
GQA_h16_kv4_l6_lr0.03,2000,2.5858633518218994,2.588547706604004,0.25187987089157104,0.2506347596645355
GQA_h8_kv1_l6_lr0.1,1,4.345947742462158,4.471876621246338,0.15156249701976776,0.14768067002296448
GQA_h8_kv1_l6_lr0.1,250,3.1128649711608887,3.140990972518921,0.16484375298023224,0.16105957329273224
GQA_h8_kv1_l6_lr0.1,500,3.0124459266662598,3.0440127849578857,0.18535156548023224,0.1817626953125
GQA_h8_kv1_l6_lr0.1,750,3.0474982261657715,3.080626964569092,0.18317870795726776,0.18112793564796448
GQA_h8_kv1_l6_lr0.1,1000,3.0083112716674805,3.038827896118164,0.186279296875,0.18059082329273224
GQA_h8_kv1_l6_lr0.1,1250,2.9813709259033203,3.0102992057800293,0.18901367485523224,0.18669433891773224
GQA_h8_kv1_l6_lr0.1,1500,3.0249860286712646,3.0500924587249756,0.18830566108226776,0.186279296875
GQA_h8_kv1_l6_lr0.1,1750,3.024554967880249,3.0696592330932617,0.19094237685203552,0.1873779296875
GQA_h8_kv1_l6_lr0.1,2000,3.0212974548339844,3.0436742305755615,0.19133301079273224,0.19033202528953552
GQA_h8_kv4_l8_lr0.01,1,3.4675960540771484,3.4683432579040527,0.19382324814796448,0.1912841796875
GQA_h8_kv4_l8_lr0.01,250,2.3932223320007324,2.4153144359588623,0.2992919981479645,0.29692381620407104
GQA_h8_kv4_l8_lr0.01,500,2.0387320518493652,2.1063458919525146,0.39580076932907104,0.3787597715854645
GQA_h8_kv4_l8_lr0.01,750,1.8606014251708984,2.003690242767334,0.44584959745407104,0.410888671875
GQA_h8_kv4_l8_lr0.01,1000,1.7625586986541748,1.8938661813735962,0.46943360567092896,0.4423828125
GQA_h8_kv4_l8_lr0.01,1250,1.726446509361267,1.868238091468811,0.47978514432907104,0.4511474668979645
GQA_h8_kv4_l8_lr0.01,1500,1.6863698959350586,1.8514190912246704,0.49089354276657104,0.4500732421875
GQA_h8_kv4_l8_lr0.01,1750,1.640517234802246,1.7799211740493774,0.5034424066543579,0.470947265625
GQA_h8_kv4_l8_lr0.01,2000,1.5943362712860107,1.7702100276947021,0.515185534954071,0.47810059785842896
GQA_h8_kv2_l8_lr0.01,1,3.4519309997558594,3.4903149604797363,0.1612548828125,0.15537109971046448
GQA_h8_kv2_l8_lr0.01,250,2.4024240970611572,2.401498317718506,0.3067382872104645,0.30632323026657104
GQA_h8_kv2_l8_lr0.01,500,2.039489269256592,2.109048843383789,0.3987060487270355,0.3825927674770355
GQA_h8_kv2_l8_lr0.01,750,1.8598712682724,1.9785702228546143,0.4467529356479645,0.4194580018520355
GQA_h8_kv2_l8_lr0.01,1000,1.740896224975586,1.9047977924346924,0.47590333223342896,0.44233399629592896
GQA_h8_kv2_l8_lr0.01,1250,1.689550757408142,1.8711494207382202,0.4927001893520355,0.4456543028354645
GQA_h8_kv2_l8_lr0.01,1500,1.635901689529419,1.8394248485565186,0.50390625,0.4610839784145355
GQA_h8_kv2_l8_lr0.01,1750,1.6344192028045654,1.7915630340576172,0.506884753704071,0.4731201231479645
GQA_h8_kv2_l8_lr0.01,2000,1.603405237197876,1.7729651927947998,0.51025390625,0.47478026151657104
